optimizer,dataset,seed,min_sse
basin_hopping,lshade_3,3,137900.05229527
dual_annealing,lshade_2,2,45823.62760177
basin_hopping,lshade_2,3,86186.50322081
cmaes,lshade_1,1,194493.11293292
cmaes,basin_hopping_2,4,51931.58720724
dual_annealing,basin_hopping_1,8,399630.66104599
basin_hopping,dual_annealing_2,9,46057.44703223
basin_hopping,dual_annealing_3,3,84520.74559385
lshade,cmaes_2,1,129262.42488574
cmaes,lshade_2,7,81695.90578904
lshade,pso_2,7,35443.29440867
dual_annealing,pso_1,8,1060339.01291443
lshade,dual_annealing_1,9,52649.39739985
dual_annealing,lshade_2,5,768370.87872489
basin_hopping,lshade_3,5,53849.13845207
dual_annealing,lshade_3,3,140233.53917522
basin_hopping,dual_annealing_1,9,211954.41843252
lshade,dual_annealing_2,4,39108.66255323
basin_hopping,cmaes_1,6,247564.90373929
basin_hopping,cmaes_3,9,116238.86379472
basin_hopping,pso_2,7,35601.81108243
dual_annealing,basin_hopping_3,6,1013887.34973831
dual_annealing,lshade_1,10,196585.50037667
cmaes,cmaes_1,6,93771.86510539
basin_hopping,dual_annealing_3,2,134587.01425775
pso,cmaes_3,9,1358168.28658615
pso,lshade_3,5,1026475.80979203
cmaes,pso_2,4,35380.51358188
basin_hopping,dual_annealing_1,2,48156.50370553
lshade,dual_annealing_2,10,93270.58936837
lshade,basin_hopping_2,8,120649.97173628
pso,cmaes_1,3,2042373.95589691
pso,basin_hopping_3,8,868338.7773941
pso,basin_hopping_2,4,2608523.90138032
pso,pso_2,8,807522.50028297
basin_hopping,dual_annealing_1,7,154473.55632834
pso,dual_annealing_2,9,2663164.24771325
dual_annealing,basin_hopping_1,7,743156.67596328
dual_annealing,pso_3,4,48909.35545058
basin_hopping,cmaes_2,9,124462.61054867
basin_hopping,basin_hopping_1,8,60553.35688803
basin_hopping,dual_annealing_3,9,38415.14231417
pso,lshade_3,4,1683762.29701946
cmaes,lshade_2,1,53482.17696529
pso,dual_annealing_1,1,1393967.00297119
pso,dual_annealing_1,9,1098958.13823041
lshade,dual_annealing_1,7,62275.25089536
lshade,dual_annealing_2,7,51019.18681142
dual_annealing,basin_hopping_1,2,659796.94855256
basin_hopping,pso_1,5,49877.65127857
basin_hopping,cmaes_3,3,185621.95757194
basin_hopping,basin_hopping_2,3,56406.38494576
pso,dual_annealing_2,8,2090373.02326186
cmaes,basin_hopping_2,1,61414.25444362
basin_hopping,lshade_1,8,47456.18278549
lshade,cmaes_2,10,126035.46909131
lshade,pso_3,5,48942.83949522
dual_annealing,dual_annealing_3,6,88773.58996461
cmaes,cmaes_3,10,56604.28421315
pso,basin_hopping_2,3,2295315.92917398
pso,cmaes_3,3,1241241.31859647
pso,pso_1,5,574676.555689
pso,dual_annealing_1,3,1788070.5861913
pso,dual_annealing_2,10,880462.05542378
dual_annealing,dual_annealing_3,4,158064.01208174
lshade,pso_2,10,35443.37484936
dual_annealing,cmaes_2,4,155373.607397
dual_annealing,pso_3,10,68666.45329797
dual_annealing,dual_annealing_1,1,173358.0954373
dual_annealing,cmaes_1,1,1570088.38653017
dual_annealing,cmaes_2,2,850788.19207443
lshade,basin_hopping_3,2,100954.75946217
cmaes,dual_annealing_1,1,43932.02236042
dual_annealing,basin_hopping_3,4,302551.79849444
pso,pso_1,6,145324.06875214
dual_annealing,dual_annealing_3,7,695383.49508309
lshade,cmaes_1,2,130206.94449672
basin_hopping,lshade_2,4,104074.40896377
pso,dual_annealing_1,6,1177367.20405535
lshade,dual_annealing_1,4,52337.84439257
cmaes,basin_hopping_1,9,39110.55119717
dual_annealing,dual_annealing_3,10,139982.18192184
lshade,basin_hopping_2,7,93073.39903721
lshade,pso_1,5,49287.9595339
pso,pso_1,1,742452.96132397
basin_hopping,lshade_3,1,58062.67024533
lshade,pso_3,3,51779.44721651
cmaes,dual_annealing_1,9,153808.46158875
pso,pso_1,9,319194.26133346
basin_hopping,dual_annealing_1,3,137769.1251191
lshade,basin_hopping_1,5,71762.18202596
dual_annealing,pso_1,10,472652.95558663
dual_annealing,pso_2,3,1022311.46930927
cmaes,cmaes_2,10,883035.86800249
lshade,pso_3,4,51550.82386269
dual_annealing,cmaes_2,1,334525.55223508
basin_hopping,cmaes_3,8,155312.31636355
cmaes,lshade_2,5,44152.58813229
cmaes,lshade_2,3,44455.92188927
pso,pso_2,1,556824.1567517
lshade,dual_annealing_2,5,42556.145079
lshade,basin_hopping_3,6,85159.7762976
dual_annealing,pso_3,3,167719.87532586
pso,pso_2,4,356257.89664856
basin_hopping,pso_3,9,57723.50384705
pso,lshade_2,2,2256557.4298093
pso,pso_3,4,437914.47130183
pso,lshade_3,8,919556.00725809
lshade,dual_annealing_3,7,42599.0483081
lshade,basin_hopping_2,10,103254.37088071
lshade,basin_hopping_1,7,74823.05789879
cmaes,cmaes_2,4,54856.43791897
pso,lshade_3,9,1213164.13401926
basin_hopping,basin_hopping_2,1,69975.65990168
basin_hopping,cmaes_1,5,91177.83037742
basin_hopping,dual_annealing_2,4,53270.29781718
basin_hopping,lshade_1,6,40631.01460936
pso,dual_annealing_2,4,1512898.35794517
pso,dual_annealing_3,4,1125626.28934489
dual_annealing,cmaes_1,9,742981.43267544
cmaes,dual_annealing_3,7,710977.03574957
dual_annealing,cmaes_1,5,1036557.97145145
basin_hopping,basin_hopping_2,10,489643.55319187
basin_hopping,dual_annealing_2,10,39631.82702734
cmaes,lshade_3,2,206459.51569398
pso,pso_3,6,163546.86857568
lshade,cmaes_2,7,126733.0952709
dual_annealing,cmaes_2,6,1126788.90375293
lshade,lshade_3,10,74857.36763685
cmaes,pso_1,2,1037294.14398551
cmaes,dual_annealing_2,4,35138.33765536
pso,pso_2,5,76142.57442233
basin_hopping,basin_hopping_1,6,43592.44828533
basin_hopping,basin_hopping_2,9,67982.77858281
dual_annealing,dual_annealing_2,10,61917.19150738
pso,pso_1,8,824714.98932345
basin_hopping,cmaes_2,5,116894.77726302
pso,dual_annealing_3,9,1291810.83451134
lshade,cmaes_3,6,139861.67370829
dual_annealing,lshade_3,10,79530.33600714
dual_annealing,pso_3,8,941950.3520777
basin_hopping,dual_annealing_1,1,73570.49931001
basin_hopping,cmaes_1,10,78316.3469574
lshade,lshade_1,10,53103.87863891
lshade,pso_3,8,51067.36464718
pso,lshade_2,5,1086491.46320061
dual_annealing,lshade_3,8,262688.20775879
cmaes,lshade_3,8,51198.29069509
pso,basin_hopping_1,10,2268559.00689562
basin_hopping,lshade_3,8,66190.90934927
basin_hopping,basin_hopping_3,10,195765.4950297
pso,dual_annealing_3,1,2247636.79840408
basin_hopping,lshade_2,7,45652.55405636
dual_annealing,basin_hopping_3,3,78214.10178863
lshade,dual_annealing_3,9,44493.88195894
dual_annealing,lshade_3,6,1829638.43351878
basin_hopping,basin_hopping_1,5,41116.21210453
basin_hopping,basin_hopping_3,6,66507.34395502
lshade,cmaes_2,6,155745.7454493
dual_annealing,basin_hopping_3,2,2772120.47911615
pso,pso_3,10,476865.45002997
basin_hopping,dual_annealing_3,1,46190.86350861
dual_annealing,dual_annealing_3,8,511852.64139206
basin_hopping,pso_2,1,42148.46851552
dual_annealing,basin_hopping_2,10,223995.28283651
pso,lshade_1,9,1334992.59733685
cmaes,basin_hopping_1,7,36038.09463458
basin_hopping,basin_hopping_3,8,107430.75967878
cmaes,cmaes_3,6,99770.95547899
basin_hopping,lshade_3,2,56214.05915845
lshade,cmaes_2,2,130072.74252841
cmaes,basin_hopping_2,7,48947.35173137
dual_annealing,pso_2,2,35591.97005103
cmaes,cmaes_1,8,95117.61582748
cmaes,dual_annealing_3,2,128282.49244495
dual_annealing,basin_hopping_1,3,36016.13349045
lshade,cmaes_3,2,153162.6530456
lshade,dual_annealing_2,3,67845.97531419
cmaes,dual_annealing_1,3,43880.04499739
pso,basin_hopping_3,7,3252540.42400709
dual_annealing,pso_2,5,35450.95949604
lshade,dual_annealing_1,8,116619.57460552
cmaes,lshade_3,9,51044.74879246
cmaes,pso_1,3,49706.19371681
cmaes,cmaes_3,2,46147.63257019
basin_hopping,dual_annealing_3,7,137153.52524555
cmaes,dual_annealing_3,3,34961.81606078
basin_hopping,basin_hopping_3,9,81724.65580919
lshade,basin_hopping_1,1,54373.51010102
pso,basin_hopping_1,9,1462306.29311788
cmaes,pso_1,9,103068.98464164
cmaes,dual_annealing_3,5,34005.78668492
pso,dual_annealing_2,1,860695.9076106
dual_annealing,cmaes_3,9,1516572.59365592
lshade,pso_2,4,35428.21467583
dual_annealing,dual_annealing_1,7,707299.43736068
lshade,lshade_1,3,42424.28995955
basin_hopping,cmaes_3,2,119911.65547189
cmaes,lshade_3,1,206046.60774658
dual_annealing,dual_annealing_3,9,635482.77837849
pso,lshade_1,4,1261439.84080475
cmaes,cmaes_3,5,99563.58634473
dual_annealing,pso_3,6,960281.73534641
cmaes,basin_hopping_3,2,49559.11348116
cmaes,lshade_3,6,51204.57580119
pso,basin_hopping_3,2,2918293.17556923
lshade,pso_1,7,48385.32455311
basin_hopping,cmaes_1,1,100857.0896786
lshade,basin_hopping_3,8,85762.32453699
dual_annealing,cmaes_1,8,595547.89778438
lshade,pso_1,10,49730.51747423
cmaes,pso_2,6,35414.32193032
pso,basin_hopping_2,9,1518208.20431778
cmaes,pso_3,2,48907.17144909
basin_hopping,lshade_1,2,42345.71364835
pso,lshade_1,5,1115067.37982812
dual_annealing,lshade_3,1,398285.1662718
basin_hopping,basin_hopping_1,2,193675.9110911
pso,basin_hopping_3,4,2881006.21271416
pso,cmaes_3,6,1442132.64301093
cmaes,pso_3,7,47166.96136731
basin_hopping,cmaes_2,8,187812.19543862
lshade,lshade_1,1,45501.08333649
cmaes,pso_2,10,62276.24692343
basin_hopping,pso_3,7,49011.52623597
cmaes,pso_1,8,47539.60047435
dual_annealing,pso_3,5,51833.38274248
basin_hopping,cmaes_1,3,91890.96777763
basin_hopping,lshade_2,10,48454.15169577
pso,basin_hopping_1,4,389868.30179466
pso,pso_3,3,664058.501885
dual_annealing,dual_annealing_1,10,345103.2023555
cmaes,pso_3,4,46925.55837055
dual_annealing,pso_2,9,36079.31816659
lshade,cmaes_3,5,123591.96659392
pso,cmaes_1,6,1397249.93419899
pso,lshade_3,2,2218977.40054949
cmaes,lshade_3,10,61045.8801548
cmaes,basin_hopping_2,8,87142.62657293
pso,cmaes_2,4,2220635.61832946
basin_hopping,cmaes_1,4,83066.23699005
cmaes,basin_hopping_2,3,48205.43196156
dual_annealing,dual_annealing_2,6,1042981.80386953
lshade,dual_annealing_3,3,45296.89775697
lshade,lshade_2,5,60918.91114164
pso,cmaes_3,10,1166723.55047869
lshade,lshade_3,3,94313.74654035
cmaes,lshade_1,4,193379.63064324
lshade,basin_hopping_3,4,104499.06821635
dual_annealing,dual_annealing_3,2,152618.80703374
cmaes,pso_3,10,68776.71853844
lshade,lshade_3,8,76025.09055509
cmaes,cmaes_1,3,53954.81354668
pso,basin_hopping_2,10,781729.43363174
pso,basin_hopping_1,1,2923766.09930541
cmaes,lshade_3,3,779517.76253341
basin_hopping,cmaes_1,8,159040.43386006
dual_annealing,lshade_3,4,121106.20129878
pso,basin_hopping_2,8,880013.82893038
lshade,dual_annealing_2,9,44318.90260909
dual_annealing,cmaes_3,5,305738.77494074
lshade,lshade_1,4,58416.1143292
cmaes,pso_3,6,48980.69717691
pso,cmaes_1,10,1081144.76342489
cmaes,basin_hopping_3,6,57742.75020688
basin_hopping,lshade_1,3,178752.32113797
lshade,basin_hopping_2,3,104552.46373549
dual_annealing,basin_hopping_3,1,884870.53312782
pso,dual_annealing_3,10,928978.31034275
basin_hopping,cmaes_1,2,747241.85047257
dual_annealing,lshade_2,9,139655.82384074
lshade,dual_annealing_1,3,48186.60418395
dual_annealing,pso_1,3,1156139.49757195
dual_annealing,cmaes_1,6,1166921.52867937
basin_hopping,basin_hopping_3,7,336415.68069993
pso,cmaes_2,1,846196.6254017
basin_hopping,dual_annealing_1,10,277234.49697012
lshade,cmaes_1,8,116765.41704749
cmaes,dual_annealing_2,7,532602.50676026
cmaes,lshade_1,2,192250.88619281
lshade,lshade_2,3,63922.46319218
basin_hopping,pso_2,5,34919.63692193
basin_hopping,lshade_2,5,47829.38763346
dual_annealing,lshade_2,8,394608.1786302
cmaes,lshade_3,7,780079.65994521
lshade,lshade_2,1,70227.12365058
cmaes,pso_1,10,511838.01952845
cmaes,pso_2,9,63238.73807951
basin_hopping,pso_3,3,50110.53610535
lshade,dual_annealing_2,1,52636.66638321
dual_annealing,cmaes_3,6,1100073.80827178
basin_hopping,pso_3,4,483855.82351837
dual_annealing,basin_hopping_3,5,897025.69251301
lshade,dual_annealing_3,4,68172.41561261
lshade,cmaes_2,5,129956.03096447
basin_hopping,dual_annealing_3,8,65037.31926949
cmaes,pso_2,7,929330.26243163
dual_annealing,pso_2,10,376802.95541811
lshade,cmaes_2,4,178130.87761273
pso,basin_hopping_3,6,1603071.64650832
basin_hopping,basin_hopping_3,5,49577.87594636
lshade,lshade_2,6,54742.2957768
lshade,cmaes_1,10,109800.73593898
basin_hopping,basin_hopping_2,7,277942.90669234
lshade,cmaes_3,1,123109.97812121
cmaes,pso_2,5,419784.45008303
cmaes,dual_annealing_1,2,459051.96160302
cmaes,lshade_1,6,40117.57698882
lshade,dual_annealing_1,2,52073.51982882
basin_hopping,pso_1,9,53449.26246894
lshade,pso_2,9,35429.41938877
pso,dual_annealing_2,7,2518528.05812611
cmaes,cmaes_1,1,54242.76028064
lshade,dual_annealing_3,8,58843.84906222
lshade,pso_1,2,49204.26502636
lshade,pso_3,6,49385.87762426
pso,lshade_3,6,1292628.25914643
dual_annealing,dual_annealing_2,5,1506172.34088747
dual_annealing,cmaes_3,10,429392.87959706
dual_annealing,lshade_1,7,694237.1955612
pso,lshade_3,1,979991.23459095
lshade,lshade_1,2,45557.15033832
pso,dual_annealing_2,5,953795.85318232
cmaes,cmaes_3,7,45928.37945649
pso,cmaes_3,7,2869774.85709498
basin_hopping,dual_annealing_2,1,37376.52133162
basin_hopping,basin_hopping_2,2,85317.86930369
pso,pso_2,2,134569.38574121
lshade,lshade_2,2,57838.6453415
basin_hopping,lshade_1,7,192614.77648877
dual_annealing,pso_3,9,533670.22528652
lshade,pso_2,2,35428.02380882
dual_annealing,dual_annealing_2,7,664945.67243102
dual_annealing,basin_hopping_2,9,230770.56766417
cmaes,lshade_3,4,51174.59057266
dual_annealing,pso_3,1,680992.07666361
cmaes,cmaes_2,6,108671.67326962
pso,dual_annealing_3,5,1054878.87347989
cmaes,lshade_2,10,732965.78077202
pso,lshade_1,8,1639858.03521625
basin_hopping,pso_3,8,148849.54578609
lshade,basin_hopping_1,8,65957.20006175
basin_hopping,dual_annealing_1,4,118955.01656078
basin_hopping,pso_1,1,55464.85434664
lshade,pso_2,3,35489.9158643
basin_hopping,basin_hopping_1,3,46081.02165826
dual_annealing,cmaes_3,2,197657.56310968
dual_annealing,basin_hopping_3,7,876791.55120317
lshade,pso_3,2,51539.64630257
pso,cmaes_3,5,1156586.31347442
pso,dual_annealing_3,6,1448839.6327915
pso,dual_annealing_2,3,1763297.02239828
cmaes,lshade_2,6,44776.3484506
dual_annealing,pso_1,2,48768.46405493
lshade,basin_hopping_1,4,55436.1688169
dual_annealing,basin_hopping_2,2,123968.8413828
cmaes,cmaes_1,2,58090.88281521
pso,dual_annealing_1,7,2547164.32251079
lshade,pso_2,1,35436.14406089
pso,dual_annealing_1,8,2113578.823875
cmaes,dual_annealing_3,1,33058.62166701
dual_annealing,cmaes_2,7,779300.49017377
lshade,cmaes_1,4,117998.58901032
cmaes,dual_annealing_1,7,43490.78100618
dual_annealing,lshade_2,6,1408401.95995232
basin_hopping,dual_annealing_3,4,48873.7839189
pso,lshade_2,1,1603104.02268708
basin_hopping,dual_annealing_2,8,62088.85569692
dual_annealing,basin_hopping_1,6,662281.08058441
pso,pso_3,2,1559610.06327683
pso,cmaes_2,2,2375324.78340917
dual_annealing,basin_hopping_2,6,921449.31232345
dual_annealing,dual_annealing_2,1,121938.17562978
cmaes,lshade_1,7,192457.67606222
lshade,dual_annealing_2,8,40010.35928636
basin_hopping,basin_hopping_1,4,54238.43774992
dual_annealing,lshade_1,5,42231.23395698
lshade,basin_hopping_3,10,103795.31035119
dual_annealing,dual_annealing_2,8,723630.22038969
cmaes,basin_hopping_2,2,836440.56908434
lshade,lshade_3,1,74037.23847077
cmaes,pso_1,7,1034483.95409168
dual_annealing,cmaes_3,7,1027908.57410597
cmaes,dual_annealing_2,2,45804.62129695
lshade,lshade_3,7,60927.02462867
lshade,lshade_3,4,60200.3877674
pso,dual_annealing_2,2,2131353.34179412
pso,basin_hopping_1,6,1460155.64003277
pso,cmaes_2,8,902366.91843816
dual_annealing,dual_annealing_2,4,61433.19655637
dual_annealing,dual_annealing_3,5,1664509.91843792
lshade,basin_hopping_2,2,85071.53576111
lshade,pso_1,3,45948.54112413
pso,cmaes_2,9,1426288.55277952
lshade,cmaes_3,4,114274.66730754
cmaes,dual_annealing_3,10,33704.38314972
pso,basin_hopping_3,9,1597604.01966918
lshade,pso_3,9,51551.62867935
lshade,basin_hopping_3,7,85786.77716312
lshade,basin_hopping_2,1,77365.0098962
pso,basin_hopping_2,2,2800672.32195685
lshade,lshade_1,7,41801.48798365
dual_annealing,basin_hopping_1,1,90013.84424288
basin_hopping,lshade_2,8,49473.09693826
cmaes,basin_hopping_2,9,50111.8082119
lshade,cmaes_3,3,124145.21630061
pso,lshade_1,1,2575595.10809012
basin_hopping,lshade_2,6,46766.48103104
dual_annealing,dual_annealing_1,3,88790.90922405
dual_annealing,cmaes_3,1,229221.54669807
cmaes,pso_1,6,48238.85375302
basin_hopping,cmaes_1,9,111483.08460382
basin_hopping,lshade_3,10,206338.17727775
pso,basin_hopping_1,5,1362165.00295594
basin_hopping,lshade_2,1,48123.39108006
pso,basin_hopping_2,1,3128576.60941659
dual_annealing,pso_2,8,38965.24906055
dual_annealing,lshade_1,6,1095535.25350849
pso,basin_hopping_2,6,333697.57629873
cmaes,pso_1,1,48251.35963437
pso,pso_3,1,264266.24509233
cmaes,dual_annealing_1,6,44047.28316884
basin_hopping,lshade_3,9,131286.81622216
cmaes,basin_hopping_2,10,840956.77367711
basin_hopping,lshade_1,1,41265.32590189
basin_hopping,cmaes_3,7,337387.44288423
lshade,cmaes_3,7,131612.00341531
cmaes,cmaes_2,7,51386.67304437
dual_annealing,dual_annealing_1,5,47840.77162256
dual_annealing,basin_hopping_2,5,1341776.00663781
lshade,basin_hopping_3,9,104519.58155981
cmaes,lshade_1,5,192425.96485404
cmaes,basin_hopping_3,9,100451.04439894
lshade,pso_2,5,35425.30928118
dual_annealing,cmaes_3,4,99979.12691337
dual_annealing,lshade_1,8,89090.51312244
basin_hopping,cmaes_2,10,131854.35832908
cmaes,pso_2,2,941069.9855477
cmaes,dual_annealing_3,6,33851.06566516
dual_annealing,cmaes_3,3,220019.31679519
cmaes,dual_annealing_2,10,35850.5682197
lshade,lshade_1,5,53531.72676889
pso,cmaes_1,9,1449847.64211136
pso,lshade_3,7,2720867.79282133
basin_hopping,pso_3,6,51573.4436784
cmaes,cmaes_2,1,87600.34181336
basin_hopping,basin_hopping_1,7,248706.91043958
lshade,dual_annealing_3,2,48772.97858329
lshade,pso_1,1,46140.93188412
cmaes,cmaes_2,9,70902.41712101
pso,lshade_3,3,1927492.48297504
cmaes,dual_annealing_3,8,38330.23722907
cmaes,pso_3,3,47680.65896588
pso,cmaes_1,7,2819613.04324714
dual_annealing,lshade_1,3,165027.45999746
lshade,basin_hopping_2,5,77829.29981845
cmaes,lshade_2,8,46047.22531788
cmaes,basin_hopping_2,5,62551.16761375
dual_annealing,basin_hopping_2,8,78520.64819246
dual_annealing,basin_hopping_2,3,113109.78128639
dual_annealing,basin_hopping_1,9,42584.28284925
basin_hopping,basin_hopping_2,5,48782.07966158
cmaes,lshade_1,3,59943.71340041
pso,lshade_1,6,1415572.18128088
lshade,cmaes_3,10,120418.57295366
cmaes,lshade_1,10,668371.52337943
pso,dual_annealing_1,10,899966.9686095
dual_annealing,lshade_1,2,161050.99856527
cmaes,pso_2,8,66788.9120035
pso,dual_annealing_1,5,965554.01904586
dual_annealing,pso_1,6,1094408.18329119
lshade,cmaes_1,7,171193.93281821
dual_annealing,basin_hopping_3,9,2126140.78009511
basin_hopping,pso_2,4,115370.18240323
pso,lshade_1,2,896443.74368386
cmaes,dual_annealing_2,6,35527.82677451
dual_annealing,dual_annealing_3,1,134805.34420413
pso,cmaes_1,5,1180815.32150904
pso,basin_hopping_1,2,3830148.31246802
basin_hopping,cmaes_2,3,326310.42278753
pso,pso_1,10,605371.38089867
lshade,dual_annealing_3,1,57866.12470905
dual_annealing,lshade_1,1,197867.1236727
pso,pso_2,9,297296.42936299
cmaes,cmaes_3,4,46251.6276918
basin_hopping,cmaes_2,7,824055.5174219
basin_hopping,lshade_3,7,162770.22942481
pso,lshade_1,10,2196051.74303062
pso,cmaes_1,2,2424650.13414232
cmaes,pso_1,5,46773.40415051
lshade,lshade_3,2,103240.94860709
dual_annealing,cmaes_1,7,946897.99616268
basin_hopping,cmaes_2,2,134061.73454816
cmaes,cmaes_2,3,1009556.07572706
cmaes,basin_hopping_1,10,55816.19257435
dual_annealing,cmaes_1,2,188479.27671789
lshade,lshade_3,9,57680.79714227
cmaes,dual_annealing_3,4,36852.04093597
lshade,dual_annealing_2,2,59534.86321691
cmaes,lshade_2,4,44628.35144756
lshade,dual_annealing_3,5,44814.46131738
pso,cmaes_3,4,2963831.40232264
pso,pso_3,8,170671.86490715
pso,cmaes_3,2,946486.83230947
lshade,pso_3,7,49185.84415697
cmaes,pso_3,5,49067.85335934
dual_annealing,dual_annealing_2,3,65498.23956546
lshade,basin_hopping_1,9,50535.85837942
dual_annealing,lshade_2,7,775884.4555611
basin_hopping,basin_hopping_2,4,58593.95241473
cmaes,basin_hopping_1,2,38696.03784303
pso,pso_1,2,153268.24078684
dual_annealing,pso_2,4,35734.2166704
cmaes,basin_hopping_3,10,82407.14431385
lshade,basin_hopping_3,5,88822.37616256
basin_hopping,cmaes_3,10,130010.15373893
dual_annealing,lshade_2,1,255756.41633814
lshade,basin_hopping_1,3,58878.8428233
basin_hopping,pso_3,10,73734.49708994
pso,lshade_1,3,1190289.47928096
lshade,basin_hopping_1,2,67655.52197178
basin_hopping,pso_1,2,48529.05545031
lshade,lshade_1,6,41805.04330593
dual_annealing,lshade_2,3,207189.4988843
lshade,pso_1,4,48788.54039851
lshade,cmaes_1,3,109620.6457727
cmaes,cmaes_3,8,46317.66986227
cmaes,basin_hopping_3,1,62132.99988656
lshade,pso_1,8,49092.48484265
dual_annealing,pso_2,1,35579.67810428
pso,pso_1,7,702013.76799935
basin_hopping,dual_annealing_3,10,468807.51757018
cmaes,lshade_1,8,39498.26757329
dual_annealing,pso_1,4,49757.85846739
basin_hopping,lshade_1,4,193154.13482091
basin_hopping,pso_1,8,48975.56423408
lshade,basin_hopping_3,1,94514.94095971
lshade,pso_2,6,35421.0085045
cmaes,basin_hopping_1,6,39159.79768651
pso,pso_2,10,609531.5515558
dual_annealing,basin_hopping_3,8,309312.17811683
cmaes,basin_hopping_1,8,36119.46402444
basin_hopping,lshade_3,6,51958.11420245
basin_hopping,basin_hopping_3,1,73307.70972583
cmaes,cmaes_1,4,69456.38348673
pso,basin_hopping_3,3,2390321.92868035
lshade,cmaes_1,5,143626.86027134
dual_annealing,dual_annealing_1,4,153897.89921247
cmaes,dual_annealing_1,5,43812.25618559
dual_annealing,dual_annealing_1,8,271324.59625377
cmaes,basin_hopping_3,8,52390.09546131
basin_hopping,pso_2,9,35437.98268941
pso,lshade_2,10,1106856.59520291
cmaes,dual_annealing_1,4,44270.55779725
dual_annealing,basin_hopping_1,10,811899.468688
dual_annealing,dual_annealing_2,9,39535.4218235
cmaes,dual_annealing_3,9,32988.60291434
lshade,basin_hopping_3,3,84944.45247913
cmaes,cmaes_1,5,983285.6170803
dual_annealing,basin_hopping_3,10,947876.28794181
basin_hopping,pso_2,6,35444.62489135
lshade,lshade_3,6,59014.93564108
basin_hopping,dual_annealing_2,5,35810.01870921
pso,pso_2,6,275085.15011325
cmaes,pso_1,4,49666.63128418
pso,dual_annealing_3,3,996876.58391625
cmaes,cmaes_1,9,57772.29105023
cmaes,basin_hopping_2,6,60971.31492403
cmaes,cmaes_3,1,46970.68686504
basin_hopping,basin_hopping_2,6,68104.81956299
basin_hopping,pso_1,7,49718.04595589
cmaes,cmaes_1,10,53940.48330194
lshade,basin_hopping_2,4,76585.28622496
cmaes,pso_3,9,914753.01392004
dual_annealing,dual_annealing_2,2,76691.07416986
lshade,cmaes_2,8,168086.6053426
dual_annealing,lshade_1,9,2625357.37143622
basin_hopping,lshade_3,4,79196.36510812
dual_annealing,pso_1,5,55472.67654908
pso,cmaes_2,5,1365175.45083098
cmaes,cmaes_3,3,46032.33642892
pso,cmaes_2,7,2962846.3742137
pso,lshade_2,6,1388347.2271408
basin_hopping,lshade_1,9,39866.79079544
lshade,lshade_1,8,50036.66882567
lshade,lshade_2,8,61022.82789026
basin_hopping,basin_hopping_3,2,86241.92762046
lshade,dual_annealing_2,6,77499.71432717
pso,lshade_3,10,1019887.32623983
basin_hopping,pso_1,3,48482.85120549
pso,lshade_2,7,2888455.11269899
lshade,lshade_1,9,57162.13772399
pso,cmaes_2,10,900658.72781807
basin_hopping,dual_annealing_2,3,87424.01192502
cmaes,dual_annealing_2,1,34940.6802168
cmaes,basin_hopping_1,1,36036.78732674
pso,pso_1,4,412130.55570142
pso,lshade_2,8,1577715.50909615
cmaes,basin_hopping_1,3,37650.36356722
cmaes,lshade_1,9,66109.21845826
basin_hopping,basin_hopping_1,9,79844.06775043
basin_hopping,dual_annealing_1,8,71324.70210147
basin_hopping,dual_annealing_1,6,44849.34991916
pso,lshade_2,4,3377404.50471543
cmaes,dual_annealing_2,8,35355.81866726
lshade,cmaes_1,9,116688.68323697
cmaes,cmaes_3,9,46948.84353348
lshade,pso_2,8,35418.01512636
basin_hopping,basin_hopping_3,3,313802.33735783
cmaes,basin_hopping_1,5,38778.76350089
lshade,cmaes_2,9,160494.92229633
pso,basin_hopping_3,1,3180874.90990293
basin_hopping,cmaes_1,7,114190.46557252
pso,dual_annealing_3,8,970664.74959315
basin_hopping,pso_2,10,35350.71560286
lshade,lshade_2,10,56390.23497492
lshade,lshade_2,7,50779.72857997
pso,cmaes_3,8,971611.28451649
lshade,pso_3,1,49173.08732491
pso,pso_3,9,1093335.34763066
lshade,pso_1,6,48715.36960483
cmaes,pso_2,3,35425.0912581
dual_annealing,lshade_3,9,207419.12253071
basin_hopping,pso_1,4,83218.24621795
basin_hopping,dual_annealing_1,5,43365.91703517
basin_hopping,cmaes_3,4,72068.00196772
lshade,basin_hopping_1,6,63872.564746
dual_annealing,pso_3,7,49853.88832726
cmaes,cmaes_2,2,333892.34964977
dual_annealing,dual_annealing_3,3,35266.48579542
dual_annealing,basin_hopping_1,4,231598.09737508
dual_annealing,cmaes_2,9,424634.69147418
lshade,dual_annealing_1,5,76048.64330072
cmaes,dual_annealing_1,10,41844.4019562
basin_hopping,basin_hopping_3,4,110624.96864373
basin_hopping,dual_annealing_2,2,229184.17233995
lshade,cmaes_1,1,135241.79243213
basin_hopping,pso_2,3,35676.10325265
dual_annealing,dual_annealing_1,2,563982.52168091
pso,dual_annealing_1,4,1538183.87992778
dual_annealing,dual_annealing_1,6,1087501.91071257
lshade,cmaes_1,6,121514.58810542
lshade,pso_3,10,51558.40689322
lshade,cmaes_2,3,165442.46422086
dual_annealing,basin_hopping_2,1,628395.93286438
pso,cmaes_1,4,1758644.05022004
pso,lshade_2,9,1312509.1387216
basin_hopping,pso_3,5,51976.12537892
lshade,cmaes_3,8,126343.45145368
cmaes,lshade_2,9,253078.41293202
basin_hopping,pso_2,8,35487.25175534
dual_annealing,pso_3,2,48964.47404997
basin_hopping,dual_annealing_3,6,37035.21085715
dual_annealing,pso_2,7,35500.81034307
dual_annealing,lshade_2,4,50787.58421204
basin_hopping,lshade_2,9,45043.99295112
pso,basin_hopping_2,7,3135347.74674739
basin_hopping,pso_3,2,49320.41097487
dual_annealing,basin_hopping_2,7,829692.21764934
basin_hopping,cmaes_2,4,74655.94819798
pso,pso_3,7,2096759.06531746
pso,dual_annealing_1,2,1946037.97698535
pso,cmaes_2,3,2155859.12158598
pso,basin_hopping_3,10,837816.26174628
dual_annealing,cmaes_2,3,1344591.16459701
dual_annealing,lshade_2,10,665624.5088171
cmaes,dual_annealing_1,8,44080.31354571
basin_hopping,cmaes_2,6,109413.22774999
dual_annealing,cmaes_3,8,1163687.94230824
pso,basin_hopping_2,5,1445534.68547738
pso,basin_hopping_1,8,740337.60866034
dual_annealing,cmaes_1,4,128327.07050001
pso,pso_2,7,636988.63982332
lshade,lshade_3,5,106188.48392973
lshade,dual_annealing_3,6,43255.03589599
cmaes,pso_3,8,70877.30518187
dual_annealing,basin_hopping_1,5,756257.86019573
lshade,lshade_2,4,62280.32381441
basin_hopping,lshade_2,2,65247.49061441
basin_hopping,dual_annealing_2,7,120666.48990688
dual_annealing,pso_1,9,52023.67727826
pso,cmaes_3,1,2522239.77414227
basin_hopping,pso_3,1,50463.61171558
basin_hopping,basin_hopping_1,10,63736.76617906
dual_annealing,cmaes_2,8,60269.85972005
lshade,dual_annealing_1,1,53465.46977499
basin_hopping,cmaes_3,6,295240.39875844
lshade,dual_annealing_3,10,56303.52584491
dual_annealing,cmaes_1,3,112171.56983489
basin_hopping,pso_2,2,35478.71695983
pso,cmaes_1,8,954756.31816145
lshade,dual_annealing_1,6,50475.89914875
dual_annealing,cmaes_2,5,1068869.05849842
basin_hopping,basin_hopping_1,1,41145.60945926
basin_hopping,cmaes_3,1,111283.57843486
pso,dual_annealing_3,7,2619577.9185984
basin_hopping,cmaes_3,5,54712.01554086
dual_annealing,pso_1,7,49708.3079021
lshade,basin_hopping_2,6,97942.57724765
pso,pso_3,5,226378.9059719
dual_annealing,cmaes_1,10,218298.58193534
cmaes,dual_annealing_2,9,34627.31011309
dual_annealing,pso_1,1,49759.14899112
basin_hopping,lshade_1,5,40053.38443116
cmaes,basin_hopping_3,3,47357.99544255
cmaes,dual_annealing_2,5,682568.53419735
dual_annealing,lshade_1,4,74876.90689666
dual_annealing,lshade_3,2,126645.5649495
pso,lshade_2,3,2056150.6747023
pso,pso_2,3,429459.92280212
lshade,cmaes_3,9,118174.73479621
dual_annealing,basin_hopping_2,4,220159.27743003
pso,dual_annealing_3,2,2383809.57056976
dual_annealing,lshade_3,5,893945.92189104
cmaes,basin_hopping_3,7,858330.99666922
lshade,basin_hopping_2,9,88778.2646814
basin_hopping,pso_1,10,49902.30223186
lshade,pso_1,9,46203.44814816
cmaes,cmaes_1,7,267502.64088672
cmaes,pso_3,1,48917.17943069
pso,basin_hopping_1,7,3080391.73199282
cmaes,pso_2,1,35045.47845531
pso,basin_hopping_1,3,2229792.3755122
pso,cmaes_2,6,2391081.24554298
basin_hopping,dual_annealing_3,5,38308.38625987
lshade,lshade_2,9,58743.16371215
cmaes,dual_annealing_2,3,34643.13920406
pso,basin_hopping_3,5,1520674.47385383
dual_annealing,cmaes_2,10,544721.01723063
pso,dual_annealing_2,6,1156720.04732979
basin_hopping,lshade_1,10,150237.25782285
dual_annealing,pso_2,6,1048374.70897907
pso,pso_1,3,720195.67068329
cmaes,cmaes_2,8,715343.61578081
basin_hopping,basin_hopping_2,8,94331.53489325
pso,cmaes_1,1,1763641.57218477
lshade,basin_hopping_1,10,82900.83543706
basin_hopping,pso_1,6,50255.09909715
pso,lshade_1,7,2922336.33252889
cmaes,basin_hopping_3,4,44710.53252996
dual_annealing,dual_annealing_1,9,183498.44040471
cmaes,lshade_3,5,51149.8986575
basin_hopping,cmaes_2,1,112786.27042805
basin_hopping,dual_annealing_2,6,37705.33794067
cmaes,lshade_2,2,246994.9816503
dual_annealing,lshade_3,7,902831.48786436
cmaes,basin_hopping_3,5,60979.44662987
cmaes,basin_hopping_1,4,109580.27263492
cmaes,cmaes_2,5,331835.78770927
lshade,dual_annealing_1,10,60500.06090135
