optimizer,category,rmse_use,mase,optimizer_name
basin_hopping,lshade,56.63018594667614,0.37221590460584947,Basin Hopping
dual_annealing,lshade,32.64453642159278,0.35718140031109413,Dual Annealing
basin_hopping,lshade,44.76982559944682,0.30173177063507794,Basin Hopping
cmaes,lshade,67.2539638207503,0.41241727311970033,CMA-ES
cmaes,basin_hopping,34.75214137863925,0.4312635971459181,CMA-ES
dual_annealing,basin_hopping,96.40402638580568,0.4342572402371587,Dual Annealing
basin_hopping,dual_annealing,32.727716378540464,0.3523107689814286,Basin Hopping
basin_hopping,dual_annealing,44.33507341530741,0.2703955009219315,Basin Hopping
lshade,cmaes,54.8279390851009,0.41860366299771634,L-SHADE
cmaes,lshade,43.58789723984891,0.34508296692070156,CMA-ES
lshade,pso,28.709974933230857,0.24972366733592594,L-SHADE
dual_annealing,pso,157.03199295673315,0.3139802237205598,Dual Annealing
lshade,dual_annealing,34.99149311895944,0.3005154186282609,L-SHADE
dual_annealing,lshade,133.67531635610376,0.46459015937243014,Dual Annealing
basin_hopping,lshade,35.387929374251,0.35945467767682115,Basin Hopping
dual_annealing,lshade,57.10731211585903,0.3753934832543794,Dual Annealing
basin_hopping,dual_annealing,70.20806593039372,0.3867087062681244,Basin Hopping
lshade,dual_annealing,30.157980375145723,0.3248019652259681,L-SHADE
basin_hopping,cmaes,75.87702776713243,0.33241044093812444,Basin Hopping
basin_hopping,cmaes,51.99258976599342,0.4552267878857495,Basin Hopping
basin_hopping,pso,28.774104589721514,0.36309511636010244,Basin Hopping
dual_annealing,basin_hopping,153.55381980045152,0.37362787428258765,Dual Annealing
dual_annealing,lshade,67.61476039085886,0.36273711264741,Dual Annealing
basin_hopping,dual_annealing,55.945782362334704,0.39621933199557025,Basin Hopping
pso,cmaes,177.7225618495738,0.38134709505972386,PSO
pso,lshade,154.50414382882994,0.42554986419796653,PSO
cmaes,pso,28.68453662583849,0.24700198632545545,CMA-ES
basin_hopping,dual_annealing,33.46518625118168,0.4867483291933807,Basin Hopping
lshade,dual_annealing,46.573420248925494,0.36553002579938,L-SHADE
lshade,basin_hopping,52.96992822529174,0.46939627644556126,L-SHADE
pso,cmaes,217.93822230574565,0.42604211712058404,PSO
pso,basin_hopping,142.10533084890497,0.3532953719119223,PSO
pso,basin_hopping,246.29930276744264,0.47252922498659755,PSO
basin_hopping,dual_annealing,59.93670233425911,0.39648308136940097,Basin Hopping
pso,dual_annealing,248.86553050272184,0.3646989208620644,PSO
dual_annealing,basin_hopping,131.4637341417582,0.44764129102807443,Dual Annealing
dual_annealing,pso,33.72575975339504,0.28783178993646324,Dual Annealing
basin_hopping,cmaes,53.80036538059336,0.32348892758224845,Basin Hopping
basin_hopping,dual_annealing,29.88938612041265,0.3962866046867983,Basin Hopping
pso,lshade,197.88194137258404,0.345684764187666,PSO
cmaes,lshade,35.2671455795947,0.38009127361578426,CMA-ES
pso,dual_annealing,180.04954117797627,0.38611422132095374,PSO
pso,dual_annealing,159.8660877276928,0.3027706768271744,PSO
lshade,dual_annealing,38.05603301356176,0.31045942076112504,L-SHADE
lshade,dual_annealing,34.44550357513519,0.3165610057335656,L-SHADE
dual_annealing,basin_hopping,123.87136506318832,0.41827663287783856,Dual Annealing
basin_hopping,pso,34.05797085223069,0.3562463781633101,Basin Hopping
basin_hopping,cmaes,65.70228086585236,0.2937751319311266,Basin Hopping
pso,dual_annealing,220.48429903820553,0.3366094638498853,PSO
cmaes,basin_hopping,37.79204248824114,0.29850503521389876,CMA-ES
basin_hopping,lshade,33.220959615912555,0.2996692015389799,Basin Hopping
lshade,cmaes,54.139241043148544,0.31511911632355155,L-SHADE
lshade,pso,33.7373023470502,0.22330649476708575,L-SHADE
pso,basin_hopping,231.03991043399486,0.47960279369824915,PSO
pso,cmaes,169.9001976945939,0.3646582778968107,PSO
pso,dual_annealing,203.91919205452382,0.345919076616954,PSO
pso,dual_annealing,143.09389139317372,0.35896191529635,PSO
lshade,pso,28.710007512720455,0.22089615554781025,L-SHADE
dual_annealing,cmaes,60.111061435537614,0.3295960713022207,Dual Annealing
dual_annealing,pso,39.961159426917135,0.3995250148154459,Dual Annealing
dual_annealing,cmaes,191.08553950437582,0.4216717656613464,Dual Annealing
dual_annealing,cmaes,140.66190638800427,0.38998544208633895,Dual Annealing
lshade,basin_hopping,48.4539482784571,0.5147471597339782,L-SHADE
cmaes,dual_annealing,31.963650270493492,0.320254381556888,CMA-ES
dual_annealing,basin_hopping,83.88139446313467,0.40425396447788,Dual Annealing
lshade,cmaes,55.02788817197973,0.4331961874018716,L-SHADE
basin_hopping,lshade,49.196901245715644,0.4675940206290231,Basin Hopping
pso,dual_annealing,165.47094201837976,0.3682187645448641,PSO
lshade,dual_annealing,34.887808356505175,0.4110439821069317,L-SHADE
cmaes,basin_hopping,30.158708564190338,0.3136329971743994,CMA-ES
lshade,basin_hopping,46.52416202392193,0.4211167080072843,L-SHADE
lshade,pso,33.85604254881899,0.27770069105808826,L-SHADE
basin_hopping,lshade,36.74635569506369,0.27052185686457875,Basin Hopping
lshade,pso,34.701198698051165,0.2422238773727998,L-SHADE
cmaes,dual_annealing,59.80753269597595,0.25730794251349076,CMA-ES
basin_hopping,dual_annealing,56.60329621413095,0.25774309470786844,Basin Hopping
lshade,basin_hopping,40.852025091690294,0.44447058027618297,L-SHADE
dual_annealing,pso,104.84240172606249,0.4127321948210061,Dual Annealing
dual_annealing,pso,154.1904190693239,0.3277105652007199,Dual Annealing
lshade,pso,34.62450532353881,0.23471032875597048,L-SHADE
dual_annealing,cmaes,88.20240362635803,0.3621519424450853,Dual Annealing
basin_hopping,cmaes,60.0992041048469,0.44611223838568265,Basin Hopping
cmaes,lshade,32.043788402271275,0.5065553186221875,CMA-ES
cmaes,lshade,32.15367239659685,0.4677010400792049,CMA-ES
lshade,dual_annealing,31.459144815695225,0.32769208119861404,L-SHADE
lshade,basin_hopping,44.50235852061859,0.445790837852411,L-SHADE
dual_annealing,pso,62.45368057112779,0.2528564805338286,Dual Annealing
basin_hopping,pso,36.63887370281004,0.3087871600861333,Basin Hopping
pso,lshade,229.08094587504868,0.25550735234559513,PSO
pso,lshade,146.23619054326718,0.33611181929054557,PSO
lshade,dual_annealing,31.47499868226903,0.30621046245920563,L-SHADE
lshade,basin_hopping,49.00269828373004,0.5001971891310688,L-SHADE
lshade,basin_hopping,41.714159633454784,0.4383432776064962,L-SHADE
pso,lshade,167.96761412783343,0.315934787882405,PSO
basin_hopping,cmaes,46.047960431923585,0.33341063857912123,Basin Hopping
basin_hopping,dual_annealing,35.19721772076957,0.4232660667023346,Basin Hopping
basin_hopping,lshade,30.739344763620842,0.3023058424304002,Basin Hopping
pso,dual_annealing,187.573139715981,0.322705047649312,PSO
pso,dual_annealing,161.7941765520633,0.3030802369024343,PSO
dual_annealing,cmaes,131.44823303946038,0.315481349600841,Dual Annealing
cmaes,dual_annealing,128.58596217548265,0.40671982546379715,CMA-ES
dual_annealing,cmaes,155.26106832068442,0.4208794995228932,Dual Annealing
basin_hopping,dual_annealing,30.359024951151696,0.3561828519964545,Basin Hopping
cmaes,lshade,69.2920203624235,0.3560063344134434,CMA-ES
lshade,cmaes,54.28886889013039,0.4878508479236434,L-SHADE
dual_annealing,cmaes,161.87771035733505,0.3970545110334307,Dual Annealing
cmaes,pso,155.31619241911,0.35766983536656954,CMA-ES
cmaes,dual_annealing,28.586196724081837,0.39439443512930433,CMA-ES
basin_hopping,cmaes,52.13907548243693,0.45437815395387027,Basin Hopping
pso,dual_annealing,173.32660623948152,0.33565233810555484,PSO
lshade,cmaes,57.03154445553346,0.3874172252248604,L-SHADE
dual_annealing,lshade,43.006309977030874,0.32748145688695224,Dual Annealing
dual_annealing,pso,148.00615575489374,0.3095336627867744,Dual Annealing
basin_hopping,dual_annealing,41.363532784553556,0.2933646502230119,Basin Hopping
basin_hopping,cmaes,42.67681331072107,0.4336524160110911,Basin Hopping
lshade,pso,34.46176332298983,0.25340244204421186,L-SHADE
pso,lshade,158.95673414563709,0.42554986419796653,PSO
dual_annealing,lshade,78.16027179720987,0.32344194095162065,Dual Annealing
cmaes,lshade,34.505911423140645,0.2879818309440784,CMA-ES
pso,basin_hopping,229.6893254090727,0.4641941382153442,PSO
basin_hopping,lshade,39.23421304472459,0.3997880309701048,Basin Hopping
pso,dual_annealing,228.62769565102897,0.36338652021135437,PSO
basin_hopping,lshade,32.583543448131586,0.47407572364839257,Basin Hopping
dual_annealing,basin_hopping,42.64894605656254,0.3840880999230918,Dual Annealing
lshade,dual_annealing,32.1673971733117,0.3953974697485475,L-SHADE
dual_annealing,lshade,206.27586143818343,0.36555481346898827,Dual Annealing
lshade,cmaes,60.18300491182107,0.3817589330777331,L-SHADE
dual_annealing,basin_hopping,253.90533298648975,0.4821395175363244,Dual Annealing
basin_hopping,dual_annealing,32.77508395271032,0.36103640936328196,Basin Hopping
basin_hopping,pso,31.308097071227362,0.4075186848482528,Basin Hopping
dual_annealing,basin_hopping,72.17473674427143,0.45611168227083826,Dual Annealing
pso,lshade,176.19971473572252,0.315934787882405,PSO
cmaes,basin_hopping,28.94987433582398,0.45684505821146654,CMA-ES
basin_hopping,lshade,36.1566550078862,0.44626951581496965,Basin Hopping
lshade,cmaes,54.999522731208295,0.3508421844497026,L-SHADE
cmaes,basin_hopping,33.73885749963531,0.46331097815087025,CMA-ES
dual_annealing,pso,28.770127454442807,0.2536110702796427,Dual Annealing
cmaes,dual_annealing,54.61971967878941,0.35199465489294485,CMA-ES
dual_annealing,basin_hopping,28.941052153954374,0.3412756062335591,Dual Annealing
lshade,cmaes,59.68184115667983,0.46602230480959655,L-SHADE
lshade,dual_annealing,39.7216991001111,0.37611537643347476,L-SHADE
cmaes,dual_annealing,31.94473607231714,0.24276082738974156,CMA-ES
pso,basin_hopping,275.02813488243174,0.47577512932514376,PSO
dual_annealing,pso,28.713079223805973,0.23082871531828128,Dual Annealing
lshade,dual_annealing,52.07766440961932,0.4262551566681846,L-SHADE
cmaes,lshade,34.45413155515605,0.3426257095644387,CMA-ES
cmaes,pso,33.999382250478995,0.25622270864956825,CMA-ES
basin_hopping,dual_annealing,56.476693123584894,0.36018698619771156,Basin Hopping
cmaes,dual_annealing,28.514303249169206,0.5147260021118533,CMA-ES
lshade,basin_hopping,35.559812076379735,0.4242582683701964,L-SHADE
pso,basin_hopping,184.4102033396326,0.4264506920390771,PSO
cmaes,pso,48.95868800530638,0.44458618586432713,CMA-ES
cmaes,dual_annealing,28.121739784133407,0.24859609983348374,CMA-ES
pso,dual_annealing,141.47856338654606,0.35231157841197736,PSO
dual_annealing,cmaes,187.80077232275005,0.45522605065567745,Dual Annealing
lshade,pso,28.70386679883651,0.1540789328079645,L-SHADE
basin_hopping,cmaes,52.807605044245946,0.4538390063900066,Basin Hopping
cmaes,lshade,69.22269552323039,0.2583357159456313,CMA-ES
pso,lshade,171.27699860539727,0.29146303978636584,PSO
dual_annealing,pso,149.43939701480687,0.30397314559368965,Dual Annealing
cmaes,basin_hopping,33.949043032428385,0.3703463077652912,CMA-ES
cmaes,lshade,34.5080293323129,0.3667269778742646,CMA-ES
pso,basin_hopping,260.51349898378163,0.5153041629216057,PSO
lshade,pso,33.54459875876113,0.26124912758788965,L-SHADE
basin_hopping,cmaes,48.4305039562445,0.3320595837895747,Basin Hopping
lshade,basin_hopping,44.65951929489311,0.3807653169715951,L-SHADE
dual_annealing,cmaes,117.68581525088166,0.2901415513838764,Dual Annealing
lshade,pso,34.007700042657916,0.19689055927670965,L-SHADE
cmaes,pso,28.698238310050762,0.3692918777239542,CMA-ES
pso,basin_hopping,187.90201580151808,0.4264506920390771,PSO
cmaes,pso,33.72500674887101,0.31445059730402586,CMA-ES
basin_hopping,lshade,31.381268908916365,0.43518554273226295,Basin Hopping
pso,lshade,161.03353542317362,0.42554986419796653,PSO
dual_annealing,lshade,96.24160081405111,0.3791250384559597,Dual Annealing
pso,basin_hopping,258.84386120154494,0.4961285004775287,PSO
pso,cmaes,183.13374468435535,0.27052966109204263,PSO
cmaes,pso,33.119572435487974,0.37178297412551153,CMA-ES
basin_hopping,cmaes,66.08876966109102,0.4871308727333492,Basin Hopping
cmaes,pso,38.05633734574034,0.4013145092004295,CMA-ES
basin_hopping,pso,33.76096763601767,0.26276663633493197,Basin Hopping
cmaes,pso,33.250144421560805,0.39506809575261786,CMA-ES
dual_annealing,pso,34.719267066559304,0.24998548223163897,Dual Annealing
basin_hopping,cmaes,46.227689220234204,0.27446354191859634,Basin Hopping
basin_hopping,lshade,33.568448535953074,0.37355301543150443,Basin Hopping
pso,basin_hopping,95.21924539135495,0.5521438315063301,PSO
cmaes,pso,33.03470985386537,0.4299266034126538,CMA-ES
dual_annealing,pso,28.96642730560554,0.29583026797688283,Dual Annealing
lshade,cmaes,53.61186231846413,0.44314819750844153,L-SHADE
pso,cmaes,180.26143380173025,0.27052966109204263,PSO
pso,lshade,227.16541460832937,0.35826618371845614,PSO
cmaes,lshade,37.678530113407774,0.455970496250503,CMA-ES
cmaes,basin_hopping,45.017471175071265,0.43545393525644,CMA-ES
pso,cmaes,227.25027788400948,0.42376703062742266,PSO
basin_hopping,cmaes,43.9519391296559,0.3077932665850841,Basin Hopping
cmaes,basin_hopping,33.48218268341509,0.39339365394981324,CMA-ES
lshade,dual_annealing,32.45637421071983,0.38355451247052547,L-SHADE
pso,cmaes,164.72129742412125,0.4476666055452988,PSO
cmaes,lshade,67.06117142306334,0.32508913153035646,CMA-ES
lshade,basin_hopping,49.2971691758495,0.49101176341028724,L-SHADE
cmaes,pso,39.993231560620295,0.4493035743303559,CMA-ES
pso,basin_hopping,134.83231908747095,0.47102695035976905,PSO
pso,basin_hopping,260.75766613651655,0.45850658944605077,PSO
cmaes,lshade,134.64145000302287,0.4213760666971384,CMA-ES
basin_hopping,cmaes,60.81623747759827,0.4140593536307457,Basin Hopping
dual_annealing,lshade,53.06998479383746,0.38669835158646454,Dual Annealing
pso,basin_hopping,143.05746356657474,0.3532953719119223,PSO
lshade,dual_annealing,32.104083131274244,0.29562973815275867,L-SHADE
dual_annealing,cmaes,84.32202599789277,0.41861343172735277,Dual Annealing
cmaes,pso,33.750347862775754,0.40806276467809016,CMA-ES
pso,cmaes,158.56513322605775,0.4476666055452988,PSO
cmaes,basin_hopping,36.644981320420314,0.3024453983180946,CMA-ES
basin_hopping,lshade,64.47503954352287,0.3623288987106936,Basin Hopping
lshade,basin_hopping,49.30976216745925,0.40757139396810615,L-SHADE
dual_annealing,basin_hopping,143.45167998787832,0.5699865528321274,Dual Annealing
pso,dual_annealing,146.98349142729253,0.35896191529635,PSO
basin_hopping,cmaes,131.82457074783315,0.3446839853926901,Basin Hopping
dual_annealing,lshade,56.98955919079735,0.36563683147822285,Dual Annealing
lshade,dual_annealing,33.47564341356751,0.3530224572135191,L-SHADE
dual_annealing,pso,163.9724521369757,0.32136204084664843,Dual Annealing
dual_annealing,cmaes,164.73527238963632,0.38721292246125205,Dual Annealing
pso,cmaes,140.28182807623955,0.3145525403196715,PSO
basin_hopping,dual_annealing,80.29516724576919,0.4018335239533265,Basin Hopping
lshade,cmaes,52.110217952508194,0.3944667633157466,L-SHADE
cmaes,dual_annealing,111.2928785160045,0.4195520859994887,CMA-ES
cmaes,lshade,66.8651691218474,0.46604554196895914,CMA-ES
basin_hopping,pso,28.497097739590387,0.3992842210853559,Basin Hopping
basin_hopping,lshade,33.35133191212944,0.4371782995683744,Basin Hopping
dual_annealing,lshade,95.79631718781697,0.3405044479404408,Dual Annealing
cmaes,lshade,134.6899678542774,0.48174993749267125,CMA-ES
cmaes,pso,109.10183204912546,0.4212543930625268,CMA-ES
cmaes,pso,38.349293701846264,0.39977667942843675,CMA-ES
basin_hopping,pso,34.13738866368635,0.26118631908495743,Basin Hopping
lshade,dual_annealing,34.987262261282574,0.38010367349454505,L-SHADE
dual_annealing,cmaes,159.94721573154675,0.36223834347392225,Dual Annealing
basin_hopping,pso,106.07761786567002,0.4270644360934174,Basin Hopping
dual_annealing,basin_hopping,144.43359241042793,0.6060774078573239,Dual Annealing
lshade,dual_annealing,39.81714472745056,0.27162492829765333,L-SHADE
lshade,cmaes,54.97484223027374,0.5099458521550392,L-SHADE
basin_hopping,dual_annealing,38.890818928956534,0.3064407694316296,Basin Hopping
cmaes,pso,147.01133182328672,0.32880083174652,CMA-ES
dual_annealing,pso,93.61014596895008,0.4184665450720208,Dual Annealing
lshade,cmaes,64.36286622838712,0.3573243740943063,L-SHADE
pso,basin_hopping,193.08220002193306,0.4677788329815579,PSO
lshade,cmaes,50.53222226414571,0.3998395604233726,L-SHADE
lshade,cmaes,53.50722144724845,0.3948245404615197,L-SHADE
cmaes,pso,98.80500529678834,0.41533620256589493,CMA-ES
cmaes,dual_annealing,103.32292588783828,0.36679184093619127,CMA-ES
cmaes,lshade,30.544506981071805,0.3985762013319271,CMA-ES
lshade,dual_annealing,34.79959897818257,0.263066017356283,L-SHADE
basin_hopping,pso,35.256291692814735,0.39460524648831935,Basin Hopping
lshade,pso,28.704354822663213,0.23289704451133228,L-SHADE
pso,dual_annealing,242.01326400927113,0.36669197844295126,PSO
lshade,dual_annealing,36.992723691263116,0.4602286336278215,L-SHADE
lshade,pso,33.827285335527044,0.2665887601895267,L-SHADE
lshade,pso,33.88965597287076,0.18280577036874507,L-SHADE
pso,lshade,173.38143587400276,0.3935852364695817,PSO
dual_annealing,cmaes,99.92937966815295,0.30942633298495376,Dual Annealing
dual_annealing,lshade,127.06317743375848,0.30275044484692826,Dual Annealing
pso,lshade,150.96520734161402,0.36029121333953135,PSO
pso,dual_annealing,148.93387429062855,0.3958232629534326,PSO
pso,cmaes,258.33882821790365,0.4295100629924938,PSO
basin_hopping,dual_annealing,29.482561393419402,0.3620747692108943,Basin Hopping
basin_hopping,lshade,66.9284200225553,0.3996154614371113,Basin Hopping
dual_annealing,pso,111.40437815355165,0.31584837821934364,Dual Annealing
lshade,pso,28.703789478702536,0.19171389476914938,L-SHADE
dual_annealing,basin_hopping,73.25815577489537,0.34820902071200954,Dual Annealing
cmaes,lshade,34.49792395933009,0.26011084729154954,CMA-ES
dual_annealing,pso,125.84524241578862,0.37665944375103355,Dual Annealing
pso,dual_annealing,156.62715864470542,0.3958232629534326,PSO
cmaes,lshade,130.55924261387028,0.4051741656543277,CMA-ES
pso,lshade,195.28500551020832,0.3659544715508236,PSO
basin_hopping,pso,58.83551090848585,0.41376027193116854,Basin Hopping
lshade,basin_hopping,39.164886997527134,0.4919462608042858,L-SHADE
basin_hopping,dual_annealing,52.59653728119017,0.47040299466050506,Basin Hopping
basin_hopping,pso,35.91490406005271,0.3554363376525623,Basin Hopping
lshade,pso,28.728851013660748,0.2255416266356535,L-SHADE
dual_annealing,cmaes,67.79887546396772,0.3690962419234838,Dual Annealing
dual_annealing,basin_hopping,142.79531221567254,0.35040653076296885,Dual Annealing
lshade,pso,34.620751373145595,0.17121738953655954,L-SHADE
pso,cmaes,164.0041344823724,0.30772114350814656,PSO
pso,dual_annealing,183.55910478273623,0.35989571853613544,PSO
pso,dual_annealing,202.5016234444416,0.345919076616954,PSO
cmaes,lshade,32.269341937568555,0.35510269035545566,CMA-ES
dual_annealing,pso,33.67714843716488,0.24094074812598065,Dual Annealing
lshade,basin_hopping,35.90561555383781,0.4547757982156491,L-SHADE
dual_annealing,basin_hopping,53.693540684405484,0.45954308797286236,Dual Annealing
pso,dual_annealing,243.38524933379628,0.36669197844295126,PSO
lshade,pso,28.70707880487093,0.15908420471482362,L-SHADE
pso,dual_annealing,221.70474939448133,0.3366094638498853,PSO
cmaes,dual_annealing,27.727335880800812,0.2568932165028975,CMA-ES
dual_annealing,cmaes,134.62268461646235,0.46592083335160467,Dual Annealing
lshade,cmaes,52.38466600827135,0.42726651372452473,L-SHADE
cmaes,dual_annealing,31.802728055492786,0.4474399609930594,CMA-ES
dual_annealing,lshade,180.97937438387706,0.3227602264298709,Dual Annealing
basin_hopping,dual_annealing,33.71349323373254,0.3894410030891217,Basin Hopping
pso,lshade,193.08414978889266,0.4212314634790057,PSO
basin_hopping,dual_annealing,37.99903783877374,0.2419969362209087,Basin Hopping
dual_annealing,basin_hopping,124.10433350607174,0.38327114271668705,Dual Annealing
pso,cmaes,235.0321493797683,0.38368259829275153,PSO
dual_annealing,basin_hopping,146.3866584595876,0.41554354092363355,Dual Annealing
cmaes,lshade,66.90112038242499,0.37186387489348904,CMA-ES
lshade,dual_annealing,30.50366325174427,0.33134202977631166,L-SHADE
dual_annealing,lshade,31.33882129132759,0.40541089848847955,Dual Annealing
lshade,basin_hopping,49.130890758990525,0.4301019449526172,L-SHADE
cmaes,basin_hopping,139.47080790536543,0.5363371753268084,CMA-ES
cmaes,pso,155.1056619670124,0.2799086163120809,CMA-ES
dual_annealing,cmaes,154.6119353756493,0.3736168066078408,Dual Annealing
cmaes,dual_annealing,32.63776571844127,0.2613904368418387,CMA-ES
pso,dual_annealing,222.63503045547384,0.44247169205154374,PSO
pso,basin_hopping,184.27454492614774,0.4677788329815579,PSO
pso,cmaes,144.86295997590435,0.43893848079846715,PSO
lshade,basin_hopping,44.47929640178571,0.39860728591524686,L-SHADE
lshade,pso,32.68900004308753,0.22205767971330606,L-SHADE
pso,cmaes,182.1249604733813,0.38134709505972386,PSO
lshade,cmaes,51.55143453388015,0.44552979485226196,L-SHADE
cmaes,dual_annealing,27.996836677506565,0.4949272216890431,CMA-ES
pso,basin_hopping,192.75264421732746,0.4264506920390771,PSO
lshade,pso,34.62477560311805,0.23670481673304175,L-SHADE
lshade,basin_hopping,44.66588552099783,0.35464662142544895,L-SHADE
lshade,basin_hopping,42.41681596555562,0.3751302541205972,L-SHADE
pso,basin_hopping,255.2095501036605,0.5153041629216057,PSO
dual_annealing,basin_hopping,45.75308967655297,0.42076177549923244,Dual Annealing
basin_hopping,lshade,33.91956866027441,0.28666196088522977,Basin Hopping
cmaes,basin_hopping,34.137821966974364,0.34612277324436436,CMA-ES
lshade,cmaes,53.73172297165389,0.4697219528300184,L-SHADE
pso,lshade,244.73978150937907,0.3868934544231579,PSO
basin_hopping,lshade,32.97866859224625,0.27347284818852763,Basin Hopping
dual_annealing,cmaes,73.01187330935403,0.313777341211326,Dual Annealing
cmaes,pso,33.493787606207924,0.36221937498450185,CMA-ES
basin_hopping,cmaes,50.917873821551524,0.45092022745647986,Basin Hopping
basin_hopping,lshade,69.2716555473684,0.28570578031745203,Basin Hopping
pso,basin_hopping,177.98386410766645,0.4159465113096812,PSO
basin_hopping,lshade,33.45367886748537,0.3873863095364414,Basin Hopping
pso,basin_hopping,269.7361591774964,0.45850658944605077,PSO
dual_annealing,pso,30.10263415057706,0.17888606307033614,Dual Annealing
dual_annealing,lshade,159.6169290366193,0.3213958853670042,Dual Annealing
pso,basin_hopping,88.09318220573743,0.40520949976605825,PSO
cmaes,pso,33.49812894267033,0.30070801425005794,CMA-ES
cmaes,dual_annealing,32.00555299524073,0.3902088998042409,CMA-ES
basin_hopping,lshade,55.2556039927931,0.34049012766128905,Basin Hopping
cmaes,basin_hopping,139.84682431703874,0.4731673137620859,CMA-ES
basin_hopping,lshade,30.978359251329284,0.3882789794190172,Basin Hopping
basin_hopping,cmaes,88.5788891438521,0.33252215281043995,Basin Hopping
lshade,cmaes,55.323993578485684,0.34038388674603914,L-SHADE
dual_annealing,basin_hopping,176.6468034741175,0.42866928490310663,Dual Annealing
lshade,basin_hopping,49.30200749717394,0.4518196434540433,L-SHADE
cmaes,lshade,66.89560851405753,0.3399811071441911,CMA-ES
cmaes,basin_hopping,48.3329163197851,0.3657988196640448,CMA-ES
lshade,pso,28.70268980231482,0.1889744425821652,L-SHADE
dual_annealing,cmaes,48.219249006278964,0.31357341006983697,Dual Annealing
dual_annealing,lshade,45.51782506003861,0.3869451384033881,Dual Annealing
basin_hopping,cmaes,55.374907911956605,0.4142762798413927,Basin Hopping
cmaes,pso,147.93697475989327,0.23768073888508182,CMA-ES
cmaes,dual_annealing,28.057692086775045,0.33548425736379894,CMA-ES
dual_annealing,cmaes,71.53130991085344,0.4036417781598485,Dual Annealing
cmaes,dual_annealing,28.874454880468065,0.39248876450663384,CMA-ES
pso,cmaes,183.62294798266797,0.32480017948354956,PSO
pso,lshade,251.54720269144596,0.3374424805991347,PSO
basin_hopping,pso,34.63210087657954,0.2947019660133366,Basin Hopping
lshade,dual_annealing,33.67870715883353,0.31071180293274697,L-SHADE
lshade,pso,32.75736447789526,0.27449430442049794,L-SHADE
pso,lshade,211.72011378424793,0.38957250015697764,PSO
cmaes,dual_annealing,29.85633711278605,0.2749294995045461,CMA-ES
cmaes,pso,33.299437444050504,0.3307400979973655,CMA-ES
pso,cmaes,256.0710767630438,0.4295100629924938,PSO
dual_annealing,lshade,61.95036647928465,0.26919867673906,Dual Annealing
lshade,basin_hopping,42.543903402345904,0.43865465449871277,L-SHADE
cmaes,lshade,32.72408448019557,0.30947747952355303,CMA-ES
cmaes,basin_hopping,38.140245366264196,0.40913535596886375,CMA-ES
dual_annealing,basin_hopping,42.73244184306769,0.43792673917688646,Dual Annealing
dual_annealing,basin_hopping,51.28801058645233,0.45345517792591206,Dual Annealing
dual_annealing,basin_hopping,31.469543359967645,0.43973331163818113,Dual Annealing
cmaes,lshade,37.33684301760344,0.36597640745501153,CMA-ES
pso,lshade,181.43947554377976,0.3935852364695817,PSO
lshade,cmaes,52.91910741079146,0.4315531574528047,L-SHADE
cmaes,lshade,124.67366923100333,0.3405104721255662,CMA-ES
pso,dual_annealing,144.670191768268,0.35896191529635,PSO
dual_annealing,lshade,61.19944492932466,0.36099447406089774,Dual Annealing
cmaes,pso,39.411045554632295,0.44290935551667704,CMA-ES
pso,dual_annealing,149.84907283321272,0.3958232629534326,PSO
dual_annealing,pso,159.53480215863596,0.2654590174468109,Dual Annealing
lshade,cmaes,63.09718101140715,0.37647245050920003,L-SHADE
dual_annealing,basin_hopping,222.36261920749297,0.5032175484737853,Dual Annealing
basin_hopping,pso,51.79794877936322,0.36291112611573434,Basin Hopping
pso,lshade,144.38673388812583,0.32347450980056186,PSO
cmaes,dual_annealing,28.744191233008586,0.3988516666678061,CMA-ES
pso,cmaes,165.7130695824647,0.30772114350814656,PSO
pso,basin_hopping,298.4513638250355,0.45427729420882923,PSO
basin_hopping,cmaes,87.11265397995247,0.34364604771330187,Basin Hopping
lshade,dual_annealing,36.68410869086263,0.35358773281652517,L-SHADE
dual_annealing,lshade,67.83480681511658,0.3520379658618167,Dual Annealing
basin_hopping,cmaes,138.43439529433897,0.26102482352831874,Basin Hopping
basin_hopping,lshade,61.52523200013146,0.3453866229853404,Basin Hopping
pso,lshade,225.98887310696063,0.39546977661296756,PSO
pso,cmaes,237.45991750591176,0.3515289454579799,PSO
cmaes,pso,32.98110951583621,0.3879027831524771,CMA-ES
dual_annealing,cmaes,148.39435175130566,0.42671661145594975,Dual Annealing
basin_hopping,cmaes,55.83650022103779,0.5001698802946338,Basin Hopping
cmaes,basin_hopping,36.02847471238774,0.41553911660528187,CMA-ES
dual_annealing,cmaes,66.20603441861854,0.3802519696755737,Dual Annealing
cmaes,dual_annealing,29.274975795263362,0.27312656879390723,CMA-ES
lshade,dual_annealing,37.209295918074524,0.3383833353099492,L-SHADE
cmaes,lshade,32.21596868503799,0.45635037945376,CMA-ES
lshade,dual_annealing,32.28307257407186,0.4500757011935958,L-SHADE
pso,cmaes,262.53820994651784,0.37072976776570143,PSO
pso,cmaes,148.36213021393155,0.2846090536673593,PSO
lshade,pso,33.82095269000812,0.2396848892094498,L-SHADE
cmaes,pso,33.78036217718603,0.39492562862869546,CMA-ES
lshade,basin_hopping,34.28195619347922,0.4092356911137211,L-SHADE
dual_annealing,lshade,134.3273038065328,0.23113690238676368,Dual Annealing
cmaes,basin_hopping,29.99846424093492,0.445876959504278,CMA-ES
dual_annealing,pso,28.827561372070047,0.26932250296500165,Dual Annealing
cmaes,basin_hopping,43.77722257751356,0.30574952295340857,CMA-ES
lshade,basin_hopping,45.44927562616654,0.4673689768720817,L-SHADE
basin_hopping,cmaes,54.986288721980294,0.4047844384976044,Basin Hopping
dual_annealing,lshade,77.12213453847538,0.31522109527531306,Dual Annealing
lshade,basin_hopping,37.00372163033536,0.3504899580750354,L-SHADE
basin_hopping,pso,41.409609347078785,0.41837098823914975,Basin Hopping
pso,lshade,166.3765328432846,0.37361999707983107,PSO
lshade,basin_hopping,39.66590767777615,0.5340294135844313,L-SHADE
basin_hopping,pso,33.59438472261295,0.3021797429578513,Basin Hopping
dual_annealing,lshade,69.41441088974081,0.36281011817120196,Dual Annealing
lshade,pso,33.68407960105189,0.189691139792281,L-SHADE
lshade,cmaes,50.49076493331392,0.4179880716728026,L-SHADE
cmaes,basin_hopping,38.01254379456804,0.31299094097920943,CMA-ES
lshade,pso,33.78883978498102,0.2998401720732774,L-SHADE
dual_annealing,pso,28.765159038638036,0.24557916970428226,Dual Annealing
basin_hopping,dual_annealing,104.41503918789111,0.27269157857939785,Basin Hopping
cmaes,lshade,30.30782674771543,0.3862506224149467,CMA-ES
dual_annealing,pso,34.01704718581006,0.28322533405468076,Dual Annealing
basin_hopping,lshade,67.02206072437711,0.41297828054005087,Basin Hopping
basin_hopping,pso,33.748579378914364,0.24589692549045636,Basin Hopping
lshade,basin_hopping,46.88306605570879,0.5010277285075199,L-SHADE
lshade,pso,28.70094743776904,0.2625848055176321,L-SHADE
cmaes,basin_hopping,30.17768992904727,0.3381966746330229,CMA-ES
dual_annealing,basin_hopping,84.81336255468979,0.41917813789647423,Dual Annealing
cmaes,basin_hopping,28.982538457700578,0.38396590570060063,CMA-ES
basin_hopping,lshade,34.761016056299034,0.31169637067715916,Basin Hopping
pso,basin_hopping,235.7729459932452,0.47960279369824915,PSO
lshade,cmaes,57.794113378387884,0.39894985825709356,L-SHADE
cmaes,dual_annealing,31.92005135858417,0.2938742200559521,CMA-ES
cmaes,basin_hopping,34.905218994495954,0.4265371285934701,CMA-ES
basin_hopping,pso,28.707823538399083,0.2596526717411947,Basin Hopping
pso,lshade,160.43955575614908,0.3693311819685512,PSO
cmaes,dual_annealing,32.08656815164252,0.30966207496194575,CMA-ES
dual_annealing,basin_hopping,137.40954476579924,0.46068861871142697,Dual Annealing
cmaes,dual_annealing,27.697956819256458,0.26121227995731533,CMA-ES
lshade,basin_hopping,44.44606150420509,0.382796620793468,L-SHADE
dual_annealing,basin_hopping,148.47098909651643,0.563427070398429,Dual Annealing
basin_hopping,pso,28.7105137906729,0.37403324959175804,Basin Hopping
basin_hopping,dual_annealing,28.858120742216144,0.23296519397755033,Basin Hopping
cmaes,pso,33.98584906753685,0.2656666506141456,CMA-ES
pso,dual_annealing,152.26022583112555,0.4043203463390902,PSO
cmaes,basin_hopping,37.65551163339559,0.394973567518619,CMA-ES
basin_hopping,pso,34.003435515858726,0.34714982356305085,Basin Hopping
lshade,basin_hopping,42.20252561189111,0.4873989357856392,L-SHADE
cmaes,pso,145.85378262190258,0.3615949590370676,CMA-ES
lshade,cmaes,62.52192273051853,0.40269866784732467,L-SHADE
dual_annealing,lshade,247.09274087180304,0.40693433976178667,Dual Annealing
basin_hopping,lshade,42.91591700927497,0.43318716110130184,Basin Hopping
dual_annealing,pso,35.917436508295545,0.4271270820833739,Dual Annealing
pso,cmaes,178.18043186162413,0.35628275612968113,PSO
pso,cmaes,262.494579089705,0.4295100629924938,PSO
pso,lshade,179.68623992178118,0.3935852364695817,PSO
basin_hopping,lshade,30.44888618096556,0.3453911089413917,Basin Hopping
lshade,dual_annealing,42.453727019440386,0.3543295715670453,L-SHADE
pso,lshade,154.00749953347787,0.3693311819685512,PSO
basin_hopping,pso,33.57838840042111,0.3429434346644581,Basin Hopping
pso,lshade,259.1782682130776,0.3374424805991347,PSO
pso,cmaes,144.72578142723071,0.2983142526007076,PSO
basin_hopping,dual_annealing,45.090093772311164,0.3027420923339385,Basin Hopping
cmaes,dual_annealing,28.505682916398136,0.23258818698466788,CMA-ES
cmaes,basin_hopping,28.949349242290282,0.45812845372731015,CMA-ES
pso,lshade,191.5491016712771,0.42860670881148577,PSO
cmaes,basin_hopping,29.5903675272962,0.36008518757026164,CMA-ES
cmaes,lshade,39.20999470894907,0.28453980042544846,CMA-ES
basin_hopping,dual_annealing,40.727312731872786,0.35219391707261466,Basin Hopping
basin_hopping,dual_annealing,32.29563651106576,0.3279526792296285,Basin Hopping
pso,lshade,280.25754371173593,0.3933006777913831,PSO
cmaes,dual_annealing,28.674524252358047,0.33199144178105205,CMA-ES
lshade,cmaes,52.09309270754148,0.5125396647778809,L-SHADE
lshade,pso,28.69973467439142,0.161937952760986,L-SHADE
cmaes,basin_hopping,30.030512971360036,0.40239293977444324,CMA-ES
lshade,cmaes,61.09369896644844,0.4792046806574624,L-SHADE
pso,basin_hopping,271.98131390597706,0.45850658944605077,PSO
basin_hopping,cmaes,51.532438547159245,0.3663617624078878,Basin Hopping
pso,dual_annealing,150.24512913152185,0.3967837898437814,PSO
basin_hopping,pso,28.672454816126063,0.25897277537423835,Basin Hopping
pso,cmaes,150.31836636893493,0.43893848079846715,PSO
lshade,pso,33.81656650736062,0.24400224095718992,L-SHADE
lshade,pso,33.65881121200434,0.26948943719670604,L-SHADE
cmaes,pso,28.702601477631273,0.22246903929251993,CMA-ES
dual_annealing,lshade,69.45286548422607,0.2999484058886789,Dual Annealing
basin_hopping,pso,43.99213624706389,0.4936051886676648,Basin Hopping
basin_hopping,dual_annealing,31.757041715064165,0.49544191206874105,Basin Hopping
basin_hopping,cmaes,40.938979539809374,0.3274556488798903,Basin Hopping
lshade,basin_hopping,38.54099742436768,0.4495315878937382,L-SHADE
dual_annealing,pso,34.049856854276854,0.2387304031129064,Dual Annealing
dual_annealing,basin_hopping,73.38938795586691,0.41170640637045947,Dual Annealing
dual_annealing,cmaes,99.37416859083886,0.36584074582209436,Dual Annealing
lshade,dual_annealing,42.054406428063444,0.27978037384033466,L-SHADE
cmaes,dual_annealing,31.194961562540385,0.5290972808120604,CMA-ES
basin_hopping,dual_annealing,73.00592080798717,0.48491037725383823,Basin Hopping
lshade,cmaes,56.08170792279695,0.41736191622708757,L-SHADE
basin_hopping,pso,28.804111161934326,0.32124460817159944,Basin Hopping
pso,dual_annealing,189.13412737487477,0.322705047649312,PSO
lshade,cmaes,53.15938913883811,0.32865584645303614,L-SHADE
lshade,pso,34.62705183013675,0.2510960324374195,L-SHADE
lshade,cmaes,62.028212677192116,0.4270565631914789,L-SHADE
dual_annealing,basin_hopping,120.88779468508304,0.4638193890382376,Dual Annealing
pso,cmaes,202.23426723067115,0.28207588660766236,PSO
pso,lshade,174.70966871459288,0.315934787882405,PSO
basin_hopping,pso,34.76704045263774,0.26940075642221706,Basin Hopping
lshade,cmaes,54.2053484561106,0.3709488124482417,L-SHADE
cmaes,lshade,76.71730239516482,0.3181463185338361,CMA-ES
basin_hopping,pso,28.727772704175845,0.2749145551880254,Basin Hopping
dual_annealing,pso,33.744758094206446,0.25594307015893175,Dual Annealing
basin_hopping,dual_annealing,29.3476399974869,0.352742766154541,Basin Hopping
dual_annealing,pso,28.73326017938987,0.15627013247182586,Dual Annealing
dual_annealing,lshade,34.367231625231696,0.37005624072462073,Dual Annealing
basin_hopping,lshade,32.36564103788906,0.3935023923308482,Basin Hopping
pso,basin_hopping,270.02789462914063,0.47577512932514376,PSO
basin_hopping,pso,33.867186209385075,0.32824732348949753,Basin Hopping
dual_annealing,basin_hopping,138.90704752571136,0.3810657730305427,Dual Annealing
basin_hopping,cmaes,41.66755142570161,0.37726741313416995,Basin Hopping
pso,dual_annealing,212.73621492165876,0.31362249389304614,PSO
pso,cmaes,223.91127403847807,0.42604211712058404,PSO
pso,basin_hopping,139.5854545086221,0.47102695035976905,PSO
dual_annealing,cmaes,176.83201623962876,0.3103873027566424,Dual Annealing
dual_annealing,lshade,124.41720033794587,0.3489005059822536,Dual Annealing
cmaes,dual_annealing,32.01755098114884,0.39464622073442385,CMA-ES
basin_hopping,cmaes,50.44297442265294,0.337467406955933,Basin Hopping
dual_annealing,cmaes,164.50687002747983,0.30600085355957557,Dual Annealing
pso,basin_hopping,183.34962696655884,0.4159465113096812,PSO
pso,basin_hopping,131.21415201789534,0.3532953719119223,PSO
dual_annealing,cmaes,54.629209007127486,0.3146528162519072,Dual Annealing
lshade,dual_annealing,31.716416369895963,0.34014722163188554,L-SHADE
cmaes,pso,40.599377123721816,0.46797799096215204,CMA-ES
dual_annealing,basin_hopping,132.6174652810674,0.5094057372045756,Dual Annealing
basin_hopping,lshade,38.953607055838845,0.5128588670401425,Basin Hopping
basin_hopping,dual_annealing,52.973554153887804,0.360836144159345,Basin Hopping
dual_annealing,pso,34.78294064566041,0.288890525189805,Dual Annealing
pso,cmaes,242.1915335711411,0.447576920269333,PSO
basin_hopping,pso,34.25744248303724,0.3911109162001329,Basin Hopping
dual_annealing,cmaes,37.43827780029853,0.2863611551904924,Dual Annealing
lshade,dual_annealing,35.26163663279149,0.37147435852570254,L-SHADE
basin_hopping,cmaes,82.86166655987556,0.32544789797945706,Basin Hopping
lshade,dual_annealing,36.18541587400442,0.40920184546096194,L-SHADE
dual_annealing,cmaes,51.074858384051645,0.3648465970176935,Dual Annealing
basin_hopping,pso,28.72431793665916,0.19828385661422102,Basin Hopping
pso,cmaes,149.00884304657973,0.3037262044249114,PSO
lshade,dual_annealing,34.26161291793444,0.4116560519238382,L-SHADE
dual_annealing,cmaes,157.66236064793503,0.39953577215462144,Dual Annealing
basin_hopping,cmaes,50.87229301063138,0.3860601345624648,Basin Hopping
pso,dual_annealing,246.8206164638414,0.36669197844295126,PSO
basin_hopping,cmaes,35.670330170025125,0.2574946210762276,Basin Hopping
dual_annealing,pso,34.000105301512725,0.21467863546342564,Dual Annealing
lshade,basin_hopping,47.725615287772996,0.443260209677453,L-SHADE
dual_annealing,cmaes,71.25104355585681,0.35788780888276295,Dual Annealing
cmaes,dual_annealing,28.37756652181028,0.5017123276756386,CMA-ES
dual_annealing,pso,34.017488317355166,0.24775953621204133,Dual Annealing
basin_hopping,lshade,30.52005990391573,0.44549620393208034,Basin Hopping
cmaes,basin_hopping,33.18657456294778,0.3967037067193884,CMA-ES
cmaes,dual_annealing,125.99082046640874,0.41462556908043,CMA-ES
dual_annealing,lshade,41.729167451572714,0.41043676561932185,Dual Annealing
dual_annealing,lshade,54.27011789649991,0.4172010946540519,Dual Annealing
pso,lshade,218.67203193645108,0.38957250015697764,PSO
lshade,cmaes,52.42375078553125,0.4721644001157709,L-SHADE
dual_annealing,basin_hopping,71.55405785870714,0.4069520716325381,Dual Annealing
pso,dual_annealing,235.4515488879089,0.3106460369156323,PSO
dual_annealing,lshade,144.1854363102518,0.44949224870646765,Dual Annealing
cmaes,basin_hopping,141.28406127037695,0.5383993294095043,CMA-ES
lshade,basin_hopping,45.43798858382913,0.5473236518593834,L-SHADE
basin_hopping,pso,34.066386021339035,0.29489226575952954,Basin Hopping
lshade,pso,32.77954841274138,0.21840184976176438,L-SHADE
cmaes,pso,33.72845718335683,0.31186169250569784,CMA-ES
pso,basin_hopping,267.65092382259553,0.47577512932514376,PSO
cmaes,pso,28.548399725162785,0.32371966031213534,CMA-ES
pso,basin_hopping,227.71832741309734,0.47960279369824915,PSO
pso,cmaes,235.81039119178524,0.35506529972339174,PSO
basin_hopping,dual_annealing,29.847825778738173,0.4357382038023857,Basin Hopping
cmaes,dual_annealing,28.384051861818786,0.4810236937051699,CMA-ES
pso,basin_hopping,188.0545735890608,0.4159465113096812,PSO
dual_annealing,cmaes,112.55190195314545,0.3136547059253675,Dual Annealing
pso,dual_annealing,164.01361594993222,0.3682187645448641,PSO
basin_hopping,lshade,59.10913395415691,0.40321201545490404,Basin Hopping
dual_annealing,pso,156.14354673043573,0.2856740017631916,Dual Annealing
pso,cmaes,202.52140697557564,0.3688120777301458,PSO
lshade,basin_hopping,43.908158757946374,0.4005311406806105,L-SHADE
basin_hopping,pso,34.18659437290356,0.39435552813447783,Basin Hopping
pso,lshade,260.69390107712803,0.3374424805991347,PSO
cmaes,basin_hopping,32.24561716385871,0.38061652566559995,CMA-ES
cmaes,lshade,34.48960027194581,0.27552886585023123,CMA-ES
basin_hopping,cmaes,51.21461238340634,0.4361514622175319,Basin Hopping
basin_hopping,dual_annealing,29.611962518577318,0.3554726998989708,Basin Hopping
cmaes,lshade,75.7896387424076,0.36844609949382506,CMA-ES
dual_annealing,lshade,144.9002453866958,0.36529642316400457,Dual Annealing
cmaes,basin_hopping,37.65802259560279,0.2993357659640469,CMA-ES
cmaes,basin_hopping,50.48146623633502,0.49464742459302724,CMA-ES
lshade,dual_annealing,37.50970755013309,0.3060920447854518,L-SHADE
